id;title;title_no;cover;pageview;create_time;update_time;show_state;top;content
1;Refined Customizable;Home Loan Account;platforms Summit;89823;2020-05-22T10:22:42;2020-05-22T15:48:24;true;true;Generic Steel Mouse
2;Lead models;global open-source;connecting Quality;95241;2020-05-21T23:27:49;2020-05-21T23:51:14;true;true;back-end Parkway
3;Personal Loan Account;circuit overriding;mesh Concrete optical;16236;2020-05-21T22:14:04;2020-05-22T13:00:04;false;false;Savings Account compressing
4;transform drive Ball;intermediate bypass;payment empower;45218;2020-05-22T07:23:17;2020-05-22T02:20:45;false;true;Liaison transmit Global
5;Fresh e-business Product;mobile fuchsia;Ohio Jewelery;17688;2020-05-22T06:40:55;2020-05-22T14:18:13;true;false;Consultant markets
6;turquoise;Rwanda Franc Optional;Money Market Account;98632;2020-05-22T03:02:31;2020-05-21T18:01:53;false;false;indigo deploy
7;schemas Mexican Peso Mexican Unidad de Inversion (UDI);parse;experiences bypass tan;71899;2020-05-22T02:55:17;2020-05-22T02:15:51;false;false;Causeway
8;Concrete Generic Granite Table;Extended;Rand Namibia Dollar microchip bandwidth;44016;2020-05-22T10:12:10;2020-05-21T19:44:44;true;false;matrices asynchronous
9;system Facilitator;applications;channels repurpose Wyoming;4353;2020-05-22T12:45:01;2020-05-22T05:34:30;true;true;Uganda Shilling
10;Bedfordshire methodologies;Developer;Tactics transmitting;46703;2020-05-22T09:18:23;2020-05-22T02:29:03;true;false;Borders digital
